plot_area,building_height,road_width,location_score,floors
3319,24,6,3,2
1703,38,8,1,3
3471,79,7,5,7
2428,14,6,1,1
1595,39,14,5,3
808,35,17,5,3
2418,38,13,5,3
1839,10,18,2,1
3559,64,11,3,6
1336,37,18,3,3
1118,21,12,1,2
2170,54,15,3,5
877,68,14,1,5
2250,20,14,3,2
3274,56,15,2,5
3585,18,6,2,1
3866,47,7,2,4
1113,58,10,4,5
3303,56,8,3,5
2155,36,16,3,3
3574,19,15,2,1
2887,41,8,4,4
2254,44,20,5,4
1599,51,19,1,5
1638,14,18,3,1
2343,44,7,2,4
3023,50,9,4,5
2320,68,8,3,5
1271,41,17,5,4
2907,43,17,5,4
2454,61,11,2,5
1266,75,13,1,5
3795,16,19,1,1
1326,30,18,4,3
3142,18,12,4,1
3140,69,14,3,6
2966,11,16,1,1
3492,78,18,3,7
3848,53,7,3,5
2480,30,13,1,3
3657,43,14,2,4
2779,23,19,3,2
3317,74,15,2,7
1326,57,18,2,5
2909,77,20,1,7
3153,51,13,1,5
1158,56,20,3,5
1680,17,9,5,1
1022,20,17,4,2
983,78,18,2,7
1225,70,14,2,6
1785,77,19,5,7
2433,37,20,5,3
3793,35,17,3,3
2334,57,13,5,5
2549,25,9,2,2
962,53,6,5,5
2968,39,15,2,3
729,19,17,1,1
1637,18,20,1,1
2053,19,14,2,1
1840,72,9,5,7
1241,70,9,4,7
2367,34,7,1,3
3399,65,11,4,6
2383,69,19,1,6
3458,22,6,4,2
3682,53,18,1,5
1718,34,9,5,3
2537,27,12,2,2
1840,69,9,1,4
2515,80,7,1,3
3371,79,19,1,7
1082,40,8,4,4
2689,71,9,4,7
940,31,12,1,3
2299,43,20,4,4
1868,64,17,5,6
3411,72,8,2,4
1915,37,6,5,3
3713,79,6,3,5
934,16,15,4,1
2759,77,8,1,3
2780,20,19,2,2
980,18,16,2,1
2353,25,20,5,2
1708,15,15,1,1
2417,76,11,3,6
1536,50,9,3,5
2321,26,16,3,2
2572,50,20,1,5
738,68,15,5,6
1109,19,14,2,1
2772,43,8,3,4
981,41,11,3,4
1346,66,19,5,6
3581,48,15,5,4
732,80,10,1,4
1250,43,7,1,3
3740,80,8,3,5
1854,36,17,3,3
1533,43,14,4,4
1728,16,7,4,1
1833,15,6,3,1
3858,26,16,3,2
1361,66,14,4,6
2997,11,7,1,1
3530,29,14,1,2
2212,80,8,4,6
1222,15,10,3,1
3960,15,20,3,1
1560,41,16,1,4
2148,62,15,2,6
1669,30,18,2,3
2388,13,8,3,1
3904,62,18,2,6
1792,30,18,1,3
2266,14,19,4,1
1611,35,19,4,3
2132,49,19,2,4
1613,13,16,2,1
2332,52,10,1,4
3867,45,11,5,4
2337,78,11,1,4
1172,43,8,5,4
1787,14,7,5,1
2479,54,17,3,5
2487,75,7,4,6
3061,34,10,1,3
3603,65,6,5,6
2905,35,11,4,3
986,52,15,3,5
3417,25,17,3,2
2777,49,16,4,4
2036,61,17,3,6
2970,26,9,4,2
3423,58,16,2,5
3221,48,12,5,4
701,48,10,2,4
2460,51,13,4,5
2511,37,14,4,3
3951,31,16,1,3
1862,75,16,5,7
2072,21,19,2,2
3455,49,9,2,4
1303,13,6,2,1
2646,19,13,4,1
3279,34,17,4,3
2724,61,9,2,5
3387,10,20,1,1
3888,64,9,2,5
3993,76,13,1,5
2983,41,20,1,4
2569,27,18,4,2
3434,77,14,5,7
1999,66,15,5,6
2447,80,13,2,6
3746,70,13,3,7
3779,41,19,3,4
3836,76,13,2,6
1824,66,7,3,5
1660,44,11,3,4
2912,20,8,2,2
1647,59,17,2,5
3593,37,7,4,3
2369,52,14,4,5
2403,17,9,4,1
2295,12,19,5,1
2258,71,6,3,5
1923,59,19,4,5
2904,79,18,5,7
1603,72,9,3,6
2485,72,6,4,6
2076,61,17,2,6
2614,26,15,5,2
810,60,15,5,6
3415,13,7,4,1
1255,69,8,1,3
1765,58,11,2,5
2562,51,11,4,5
1839,63,10,1,4
2626,12,17,5,1
913,54,9,1,4
3899,15,18,1,1
1712,35,19,1,3
3244,29,9,2,2
2639,24,15,2,2
2604,42,18,3,4
1387,24,18,2,2
1974,23,15,1,2
1977,58,12,2,5
1011,41,7,3,4
3502,25,18,5,2
3905,15,11,5,1
2454,57,7,5,5
3352,53,6,4,5
2707,23,12,3,2
3303,68,17,2,6
2483,32,17,5,3
3364,44,15,5,4
